qid,answer
1,A
2,A
3,A
4,B
5,D
6,D
7,B
8,B
9,D
10,C
11,14
12,B
13,C
14,B
15,5
16,A
17,C
18,B
19,A
20,E
21,B
22,C
23,A
24,6
25,A
26,B
27,D
28,3
29,B
30,C
31,A
32,B
33,B
34,C
35,B
36,A
37,A
38,3
39,B
40,C
41,D
42,A
43,B
44,8
45,A
46,A
47,A
48,A
49,A
50,A
51,C
52,C
53,C
54,B
55,B
56,4
57,D
58,A
59,C
60,128
61,A
62,B
63,B
64,C
65,A
66,A
67,14
68,C
69,B
70,B
71,D
72,B
73,D
74,B
75,B
76,A
77,B
78,B
79,B
80,B
81,C
82,A
83,B
84,A
85,B
86,B
87,B
88,A
89,A
90,C
91,A
92,A
93,B
94,A
95,B
96,C
97,C
98,B
99,B
100,C
101,B
102,A
103,6
104,B
105,D
106,B
107,C
108,B
109,D
110,B
111,A
112,B
113,0
114,C
115,A
116,A
117,A
118,A
119,B
120,B
121,A
122,B
123,D
124,B
125,D
126,B
127,B
128,A
129,B
130,B
131,A
132,B
133,A
134,B
135,C
136,D
137,C
138,D
139,C
140,D
141,A
142,C
143,B
144,C
145,B
146,0
147,3
148,A
149,B
150,D
151,A
152,C
153,A
154,B
155,D
156,A
157,C
158,C
159,C
160,A
161,B
162,D
163,0
164,B
165,A
166,9
167,B
168,D
169,C
170,A
171,C
172,A
173,A
174,D
175,A
176,B
177,B
178,C
179,C
180,C
181,C
182,C
183,A
184,A
185,A
186,D
187,B
188,B
189,C
190,D
191,B
192,C
193,B
194,D
195,A
196,A
197,D
198,A
199,B
200,B
201,C
202,D
203,B
204,B
205,C
206,D
207,A
208,A
209,B
210,A
211,B
212,A
213,C
214,B
215,A
216,D
217,A
218,C
219,D
220,A
221,B
222,B
223,A
224,C
225,B
226,B
227,C
228,B
229,A
230,A
231,B
232,C
233,B
234,A
235,C
236,A
237,A
238,B
239,0
240,B
241,A
242,A
243,C
244,A
245,A
246,B
247,B
248,A
249,A
250,C
251,A
252,A
253,A
254,B
255,A
256,D
257,B
258,A
259,A
260,A
261,A
262,A
263,B
264,B
265,B
266,A
267,C
268,B
269,B
270,A
271,C
272,1
273,D
274,B
275,A
276,A
277,D
278,B
279,A
280,F
281,A
282,B
283,4
284,B
285,D
286,A
287,A
288,A
289,B
290,B
291,A
292,A
293,3
294,A
295,A
296,D
297,D
298,A
299,B
300,C
301,B
302,A
303,C
304,A
305,B
306,A
307,B
308,B
309,B
310,24
311,A
312,C
313,A
314,C
315,A
316,B
317,A
318,B
319,B
320,A
321,C
322,D
323,0
324,A
325,B
326,B
327,C
328,B
329,D
330,B
331,A
332,B
333,C
334,B
335,A
336,D
337,C
338,A
339,B
340,B
341,A
342,C
343,E
344,D
345,A
346,A
347,6
348,C
349,A
350,B
351,A
352,A
353,A
354,D
355,C
356,A
357,C
358,A
359,C
360,B
361,D
362,C
363,B
364,B
365,A
366,B
367,A
368,B
369,A
370,C
371,A
372,C
373,D
374,B
375,A
376,C
377,B
378,A
379,B
380,B
381,C
382,B
383,0
384,B
385,C
386,D
387,A
388,B
389,A
390,C
391,D
392,B
393,B
394,B
395,B
396,A
397,C
398,A
399,4
400,A
401,B
402,D
403,B
404,D
405,B
406,C
407,B
408,24
409,B
410,B
411,A
412,B
413,0
414,0
415,A
416,D
417,D
418,C
419,C
420,B
421,D
422,B
423,A
424,B
425,B
426,C
427,D
428,6
429,D
430,A
431,A
432,D
433,0
434,B
435,B
436,0
437,C
438,C
439,B
440,C
441,B
442,B
443,B
444,A
445,B
446,C
447,D
448,A
449,B
450,A
451,A
452,B
453,B
454,D
455,B
456,B
457,B
458,B
459,E
460,D
461,B
462,C
463,B
464,D
465,B
466,B
467,C
468,D
469,C
470,C
471,A
472,B
473,B
474,B
475,6
476,B
477,B
478,A
479,B
480,D
481,B
482,B
483,D
484,0
485,A
486,A
487,A
488,B
489,B
490,A
491,B
492,C
493,A
494,A
495,A
496,3
497,B
498,B
499,A
500,A
501,B
502,D
503,A
504,B
505,24
506,B
507,D
508,0
509,A
510,C
511,A
512,C
513,0
514,C
515,C
516,A
517,B
518,6
519,A
520,B
521,19
522,D
523,A
524,A
525,B
526,D
527,B
528,A
529,B
530,C
531,A
532,B
533,B
534,B
535,A
536,B
537,B
538,D
539,B
540,A
541,A
542,A
543,C
544,D
545,A
546,D
547,D
548,11
549,B
550,B
551,B
552,B
553,A
554,A
555,B
556,B
557,A
558,4
559,A
560,B
561,B
562,A
563,0
564,B
565,A
566,A
567,A
568,B
569,D
570,C
571,2
572,A
573,6
574,B
575,C
576,C
577,C
578,C
579,C
580,B
581,C
582,A
583,D
584,9
585,C
586,B
587,B
588,A
589,C
590,A
591,D
592,4
593,4
594,B
595,A
596,B
597,B
598,B
599,A
600,B
601,C
602,C
603,A
604,C
605,C
606,D
607,D
608,D
609,A
610,B
611,A
612,B
613,C
614,D
615,A
616,B
617,A
618,A
619,B
620,A
621,A
622,B
623,D
624,B
625,8
626,B
627,D
628,A
629,B
630,E
631,10
632,D
633,A
634,C
635,C
636,B
637,C
638,B
639,A
640,B
641,B
642,A
643,A
644,A
645,B
646,B
647,C
648,28
649,B
650,C
651,A
652,B
653,0
654,B
655,B
656,A
657,A
658,A
659,A
660,C
661,A
662,C
663,C
664,A
665,C
666,B
667,A
668,A
669,A
670,C
671,A
672,B
673,B
674,B
675,D
676,B
677,D
678,D
679,0
680,A
681,6
682,A
683,B
684,D
685,D
686,C
687,0
688,C
689,A
690,A
691,A
692,A
693,A
694,B
695,B
696,A
697,B
698,C
699,D
700,B
701,C
702,B
703,D
704,B
705,C
706,A
707,D
708,A
709,C
710,A
711,A
712,D
713,C
714,B
715,B
716,B
717,C
718,A
719,C
720,C
721,B
722,B
723,B
724,0
725,B
726,C
727,B
728,B
729,D
730,B
731,A
732,A
733,A
734,B
735,A
736,A
737,B
738,B
739,A
740,A
741,C
742,A
743,B
744,B
745,B
746,4
747,C
748,A
749,B
750,B
751,B
752,B
753,A
754,D
755,1
756,D
757,B
758,D
759,C
760,B
761,C
762,A
763,C
764,6
765,B
766,B
767,A
768,B
769,A
770,C
771,B
772,A
773,B
774,D
775,B
776,B
777,C
778,4
779,B
780,C
781,0
782,A
783,0
784,D
785,C
786,B
787,A
788,B
789,A
790,B
791,A
792,B
793,10
794,B
795,D
796,A
797,C
798,A
799,B
800,D
801,A
802,A
803,B
804,B
805,A
806,B
807,D
808,D
809,A
810,A
811,C
812,A
813,C
814,B
815,B
816,B
817,B
818,A
819,C
820,0
821,A
822,C
823,6
824,3
825,B
826,B
827,A
828,B
829,A
830,6
831,8
832,C
833,A
834,C
835,A
836,B
837,D
838,A
839,A
840,B
841,B
842,A
843,B
844,A
845,B
846,A
847,A
848,A
849,B
850,C
851,B
852,A
853,B
854,A
855,B
856,B
857,C
858,B
859,C
860,B
861,A
862,A
863,B
864,B
865,C
866,A
867,C
868,24
869,B
870,A
871,0
872,0
873,D
874,B
875,D
876,C
877,D
878,D
879,A
880,B
881,C
882,B
883,D
884,B
885,B
886,A
887,A
888,A
889,D
890,B
891,D
892,B
893,A
894,B
895,0
896,A
897,D
898,C
899,D
900,A
901,B
902,13
903,A
904,B
905,B
906,C
907,B
908,C
909,B
910,C
911,B
912,0
913,D
914,D
915,A
916,C
917,D
918,D
919,C
920,A
921,A
922,A
923,D
924,B
925,D
926,D
927,10
928,A
929,24
930,D
931,B
932,A
933,10
934,A
935,B
936,B
937,E
938,0
939,14
940,D
941,128
942,4
943,A
944,D
945,A
946,B
947,B
948,B
949,B
950,C
951,24
952,B
953,6
954,14
955,A
956,B
957,C
958,B
959,D
960,C
961,9
962,A
963,C
964,D
965,C
966,B
967,B
968,D
969,B
970,B
971,A
972,B
973,B
974,B
975,330
976,8
977,B
978,B
979,C
980,8
981,A
982,B
983,A
984,A
985,A
986,C
987,B
988,B
989,B
990,A
991,C
992,B
993,A
994,C
995,A
996,C
997,C
998,D
999,B
1000,A
1001,A
1002,B
1003,A
1004,B
1005,A
1006,A
1007,A
1008,C
1009,6
1010,14
1011,B
1012,C
1013,A
1014,C
1015,A
1016,A
1017,B
1018,A
1019,B
1020,C
1021,A
1022,B
1023,B
1024,A
1025,C
1026,B
1027,A
1028,D
1029,0
1030,A
1031,A
1032,B
1033,B
1034,B
1035,D
1036,D
1037,6
1038,6
1039,B
1040,C
1041,A
1042,B
1043,D
1044,0
1045,C
1046,D
1047,C
1048,A
1049,D
1050,C
1051,A
1052,0
1053,A
1054,C
1055,D
1056,B
1057,B
1058,B
1059,B
1060,B
1061,D
1062,A
1063,C
1064,B
1065,B
1066,B
1067,C
1068,A
1069,A
1070,D
1071,A
1072,A
1073,C
1074,B
1075,B
1076,B
1077,B
1078,D
1079,B
1080,A
1081,B
1082,B
1083,C
1084,A
1085,C
1086,C
1087,B
1088,B
1089,B
1090,A
1091,C
1092,B
1093,24
1094,B
1095,D
1096,8
1097,D
1098,C
1099,C
1100,A
1101,B
1102,A
1103,D
1104,A
1105,C
1106,D
1107,C
1108,1
1109,A
1110,B
1111,C
1112,A
1113,C
1114,B
1115,B
1116,0
1117,C
1118,B
1119,A
1120,D
1121,B
1122,0
1123,A
1124,B
1125,14
1126,B
1127,4
1128,A
1129,B
1130,C
1131,A
1132,C
1133,D
1134,B
1135,B
1136,C
1137,B
1138,B
1139,A
1140,B
1141,B
1142,C
1143,C
1144,B
1145,B
1146,C
1147,B
1148,C
1149,8
1150,A
1151,A
1152,A
1153,B
1154,6
1155,A
1156,B
1157,D
1158,B
1159,B
1160,D
1161,C
1162,E
1163,A
1164,B
1165,A
1166,B
1167,B
1168,A
1169,A
1170,0
1171,D
1172,D
1173,8
1174,D
1175,C
1176,C
1177,B
1178,A
1179,B
1180,E
1181,B
1182,C
1183,B
1184,E
1185,0
1186,D
1187,A
1188,C
1189,A
1190,10
1191,B
1192,C
1193,B
1194,B
1195,C
1196,C
1197,A
1198,B
1199,D
1200,A
1201,C
1202,B
1203,B
1204,B
1205,A
1206,C
1207,B
1208,C
1209,5
1210,D
1211,A
1212,B
1213,B
1214,B
1215,B
1216,10
1217,B
1218,C
1219,D
1220,C
1221,C
1222,A
1223,A
1224,B
1225,C
1226,B
1227,C
1228,B
1229,D
1230,B
1231,E
1232,34
1233,D
1234,C
1235,B
1236,B
1237,D
1238,13
1239,D
1240,B
1241,C
1242,B
1243,A
1244,A
1245,D
1246,C
1247,D
1248,A
1249,C
1250,A
1251,B
1252,A
1253,A
1254,0
1255,A
1256,A
1257,C
1258,B
1259,B
1260,D
1261,B
1262,A
1263,C
1264,C
1265,A
1266,B
1267,B
1268,D
1269,B
1270,C
1271,3
1272,C
1273,A
1274,B
1275,14
1276,B
1277,B
1278,0
1279,D
1280,A
1281,D
1282,B
1283,A
1284,B
1285,C
1286,A
1287,D
1288,B
1289,B
1290,0
1291,C
1292,B
1293,D
1294,B
1295,A
1296,A
1297,D
1298,B
1299,A
1300,B
1301,B
1302,D
1303,D
1304,A
1305,A
1306,A
1307,C
1308,C
1309,C
1310,A
1311,A
1312,A
1313,B
1314,0
1315,B
1316,A
1317,B
1318,B
1319,B
1320,0
1321,B
1322,C
1323,A
1324,A
1325,B
1326,B
1327,A
1328,A
1329,B
1330,5
1331,A
1332,B
1333,C
1334,B
1335,B
1336,E
1337,C
1338,D
1339,B
1340,B
1341,C
1342,A
1343,B
1344,C
1345,A
1346,8
1347,B
1348,D
1349,D
1350,B
1351,0
1352,C
1353,D
1354,B
1355,B
1356,B
1357,B
1358,B
1359,C
1360,C
1361,A
1362,B
1363,2
1364,9
1365,0
1366,B
1367,D
1368,B
1369,B
1370,B
1371,B
1372,D
1373,B
1374,D
1375,B
1376,A
1377,D
1378,B
1379,A
1380,C
1381,C
1382,B
1383,9
1384,0
1385,D
1386,B
1387,B
1388,C
1389,A
1390,B
1391,D
1392,A
1393,B
1394,A
1395,10
1396,B
1397,A
1398,A
1399,C
1400,D
1401,A
1402,0
1403,B
1404,B
1405,D
1406,D
1407,A
1408,A
1409,A
1410,B
1411,B
1412,C
1413,C
1414,A
1415,B
1416,B
1417,7
1418,B
1419,D
1420,A
1421,0
1422,B
1423,A
1424,D
1425,B
1426,B
1427,A
1428,A
1429,A
1430,A
1431,A
1432,B
1433,A
1434,A
1435,B
1436,B
1437,A
1438,B
1439,C
1440,B
1441,D
1442,D
1443,A
1444,B
1445,B
1446,C
1447,B
1448,A
1449,0
1450,14
1451,A
1452,2
1453,A
1454,D
1455,A
1456,A
1457,C
1458,B
1459,B
1460,C
1461,C
1462,A
1463,D
1464,9
1465,B
1466,B
1467,B
1468,B
1469,B
1470,B
1471,B
1472,B
1473,B
1474,A
1475,D
1476,B
1477,0
1478,D
1479,B
1480,B
1481,C
1482,A
1483,A
1484,A
1485,C
1486,C
1487,C
1488,C
1489,C
1490,B
1491,B
1492,C
1493,C
1494,B
1495,C
1496,A
1497,C
1498,D
1499,B
1500,A
1501,B
1502,8
1503,D
1504,8
1505,0
1506,B
1507,B
1508,B
1509,B
1510,24
1511,A
1512,A
1513,A
1514,D
1515,18
1516,B
1517,4
1518,B
1519,B
1520,D
1521,C
1522,B
1523,C
1524,C
1525,D
1526,A
1527,D
1528,A
1529,A
1530,A
1531,A
1532,B
1533,A
1534,D
1535,B
1536,A
1537,A
1538,A
1539,5
1540,D
1541,74
1542,D
1543,A
1544,C
1545,A
1546,B
1547,C
1548,D
1549,E
1550,D
1551,B
1552,A
1553,B
1554,A
1555,A
1556,D
1557,B
1558,A
1559,A
1560,B
1561,A
1562,A
1563,A
1564,A
1565,F
1566,B
1567,C
1568,B
1569,C
1570,B
1571,B
1572,B
1573,A
1574,D
1575,A
1576,B
1577,C
1578,A
1579,3
1580,C
1581,C
1582,B
1583,C
1584,B
1585,A
1586,A
1587,D
1588,D
1589,F
1590,C
1591,B
1592,0
1593,B
1594,A
1595,D
1596,D
1597,A
1598,D
1599,C
1600,B
1601,B
1602,D
1603,B
1604,B
1605,B
1606,B
1607,A
1608,A
1609,14
1610,B
1611,B
1612,A
1613,B
1614,A
1615,C
1616,D
1617,C
1618,C
1619,B
1620,A
1621,A
1622,A
1623,B
1624,0
1625,A
1626,A
1627,D
1628,8
1629,0
1630,B
1631,A
1632,A
1633,A
1634,A
1635,B
1636,B
1637,C
1638,D
1639,D
1640,B
1641,C
1642,D
1643,A
1644,A
1645,A
1646,B
1647,B
1648,B
1649,0
1650,B
1651,E
1652,D
1653,A
1654,A
1655,B
1656,B
1657,D
1658,A
1659,0
1660,C
1661,9
1662,A
1663,C
1664,D
1665,A
1666,D
1667,10
1668,B
1669,D
1670,F
1671,D
1672,C
1673,C
1674,C
1675,A
1676,B
1677,A
1678,B
1679,B
1680,2
1681,A
1682,A
1683,B
1684,C
1685,D
1686,B
1687,D
1688,D
1689,C
1690,C
1691,B
1692,A
1693,C
1694,D
1695,E
1696,B
1697,A
1698,A
1699,A
1700,B
1701,C
1702,A
1703,7
1704,D
1705,B
1706,B
1707,B
1708,C
1709,B
1710,A
1711,A
1712,A
1713,4
1714,C
1715,A
1716,C
1717,A
1718,B
1719,B
1720,3
1721,D
1722,D
1723,B
1724,C
1725,B
1726,D
1727,3
1728,A
1729,A
1730,A
1731,B
1732,A
1733,C
1734,A
1735,A
1736,B
1737,B
1738,A
1739,A
1740,B
1741,B
1742,B
1743,C
1744,C
1745,C
1746,C
1747,A
1748,98
1749,B
1750,C
1751,B
1752,B
1753,A
1754,A
1755,D
1756,C
1757,B
1758,A
1759,C
1760,B
1761,A
1762,D
1763,2
1764,B
1765,B
1766,D
1767,B
1768,A
1769,10
1770,0
1771,B
1772,A
1773,B
1774,B
1775,A
1776,D
1777,D
1778,B
1779,0
1780,C
1781,D
1782,0
1783,B
1784,9
1785,C
1786,0
1787,B
1788,C
1789,B
1790,D
1791,B
1792,B
1793,A
1794,B
1795,C
1796,C
1797,B
1798,B
1799,A
1800,B
1801,0
1802,C
1803,3
1804,C
1805,A
1806,B
1807,A
1808,E
1809,A
1810,B
1811,B
1812,A
1813,A
1814,B
1815,B
1816,B
1817,A
1818,B
1819,A
1820,B
1821,B
1822,B
1823,A
1824,A
1825,B
1826,B
1827,A
1828,B
1829,D
1830,A
1831,B
1832,D
1833,C
1834,A
1835,C
1836,B
1837,B
1838,C
1839,D
1840,A
1841,B
1842,C
1843,A
1844,B
1845,A
1846,0
1847,B
1848,4
1849,B
1850,C
1851,D
1852,B
1853,D
1854,14
1855,D
1856,A
1857,B
1858,C
1859,C
1860,D
1861,A
1862,C
1863,B
1864,B
1865,C
1866,C
1867,C
1868,A
1869,A
1870,C
1871,D
1872,C
1873,D
1874,B
1875,C
1876,A
1877,B
1878,D
1879,A
1880,B
1881,A
1882,19
1883,C
1884,B
1885,A
1886,B
1887,A
1888,C
1889,B
1890,8
1891,A
1892,B
1893,12
1894,D
1895,B
1896,D
1897,D
1898,A
1899,A
1900,B
1901,7
1902,C
1903,0
1904,B
1905,A
1906,C
1907,C
1908,C
1909,C
1910,A
1911,D
1912,C
1913,A
1914,A
1915,A
1916,B
1917,C
1918,A
1919,B
1920,B
1921,B
1922,C
1923,B
1924,A
1925,C
1926,A
1927,B
1928,3
1929,A
1930,A
1931,0
1932,C
1933,A
1934,A
1935,A
1936,A
1937,1
1938,D
1939,B
1940,B
1941,A
1942,B
1943,D
1944,A
1945,B
1946,B
1947,A
1948,A
1949,B
1950,A
1951,C
1952,B
1953,B
1954,B
1955,A
1956,D
1957,B
1958,0
1959,A
1960,B
1961,A
1962,D
1963,A
1964,C
1965,D
1966,A
1967,C
1968,A
1969,A
1970,B
1971,D
1972,B
1973,D
1974,7
1975,A
1976,B
1977,B
1978,C
1979,9
1980,B
1981,5
1982,A
1983,A
1984,A
1985,A
1986,B
1987,B
1988,A
1989,C
1990,C
1991,A
1992,A
1993,B
1994,4
1995,B
1996,26
1997,C
1998,C
1999,D
2000,B
2001,B
2002,0
2003,B
2004,A
2005,D
2006,A
2007,C
2008,B
2009,C
2010,B
2011,A
2012,C
2013,C
2014,C
2015,64
2016,C
2017,B
2018,B
2019,A
2020,C
2021,B
2022,B
2023,B
2024,A
2025,B
2026,C
2027,A
2028,B
2029,B
2030,24
2031,B
2032,B
2033,B
2034,A
2035,B
2036,D
2037,D
2038,A
2039,B
2040,B
2041,13
2042,D
2043,D
2044,B
2045,6
2046,D
2047,D
2048,A
2049,B
2050,C
2051,B
2052,7
2053,D
2054,A
2055,B
2056,A
2057,D
2058,B
2059,B
2060,B
2061,8
2062,D
2063,C
2064,A
2065,7
2066,D
2067,C
2068,A
2069,A
2070,B
2071,B
2072,C
2073,A
2074,B
2075,B
2076,B
2077,A
2078,C
2079,B
2080,D
2081,A
2082,A
2083,A
2084,8
2085,B
2086,D
2087,C
2088,3
2089,B
2090,0
2091,B
2092,A
2093,B
2094,A
2095,A
2096,D
2097,B
2098,C
2099,B
2100,D
2101,B
2102,A
2103,D
2104,A
2105,B
2106,13
2107,B
2108,B
2109,C
2110,C
2111,A
2112,C
2113,1
2114,D
2115,B
2116,A
2117,B
2118,C
2119,4
2120,B
2121,B
2122,C
2123,D
2124,B
2125,B
2126,B
2127,A
2128,B
2129,B
2130,A
2131,D
2132,A
2133,C
2134,A
2135,B
2136,A
2137,C
2138,A
2139,A
2140,A
2141,B
2142,D
2143,B
2144,B
2145,A
2146,B
2147,B
2148,B
2149,C
2150,B
2151,B
2152,A
2153,16
2154,B
2155,D
2156,B
2157,B
2158,A
2159,B
2160,B
2161,B
2162,A
2163,A
2164,B
2165,B
2166,A
2167,A
2168,C
2169,A
2170,D
2171,C
2172,A
2173,B
2174,A
2175,A
2176,C
2177,B
2178,D
2179,A
2180,B
2181,10
2182,B
2183,A
2184,C
2185,C
2186,D
2187,D
2188,D
2189,D
2190,A
2191,B
2192,D
2193,B
2194,B
2195,A
2196,3
2197,B
2198,A
2199,A
2200,C
2201,C
2202,D
2203,C
2204,C
2205,C
2206,5
2207,A
2208,D
2209,C
2210,C
2211,D
2212,B
2213,C
2214,B
2215,B
2216,8
2217,D
2218,B
2219,A
2220,A
2221,B
2222,B
2223,B
2224,B
2225,0
2226,B
2227,C
2228,A
2229,B
2230,0
2231,A
2232,A
2233,C
2234,D
2235,B
2236,B
2237,C
2238,D
2239,B
2240,0
2241,C
2242,D
2243,24
2244,B
2245,A
2246,D
2247,C
2248,B
2249,A
2250,B
2251,B
2252,C
2253,A
2254,D
2255,C
2256,D
2257,A
2258,C
2259,19
2260,0
2261,C
2262,A
2263,B
2264,A
2265,B
2266,A
2267,D
2268,D
2269,B
2270,C
2271,B
2272,7
2273,D
2274,B
2275,B
2276,9
2277,C
2278,6
2279,C
2280,B
2281,C
2282,B
2283,C
2284,C
2285,C
2286,C
2287,A
2288,B
2289,A
2290,A
2291,A
2292,3
2293,B
2294,A
2295,C
2296,C
2297,B
2298,C
2299,B
2300,D
2301,D
2302,A
2303,C
2304,A
2305,B
2306,B
2307,A
2308,0
2309,B
2310,B
2311,C
2312,B
2313,E
2314,6
2315,B
2316,6
2317,C
2318,A
2319,D
2320,D
2321,A
2322,A
2323,A
2324,B
2325,A
2326,A
2327,A
2328,D
2329,C
2330,24
2331,C
2332,C
2333,0
2334,48
2335,A
2336,B
2337,B
2338,D
2339,C
2340,C
2341,A
2342,A
2343,B
2344,A
2345,A
2346,C
2347,C
2348,B
2349,7
2350,14
2351,C
2352,A
2353,C
2354,B
2355,C
2356,B
2357,B
2358,A
2359,C
2360,B
2361,A
2362,B
2363,B
2364,0
2365,C
2366,D
2367,6
2368,B
2369,B
2370,A
2371,D
2372,B
2373,D
2374,C
2375,D
2376,D
2377,A
2378,A
2379,B
2380,C
2381,B
2382,B
2383,C
2384,1
2385,A
2386,C
2387,B
2388,B
2389,B
2390,B
2391,A
2392,A
2393,C
2394,A
2395,A
2396,A
2397,B
2398,D
2399,64
2400,A
2401,A
2402,B
2403,A
2404,B
2405,B
2406,B
2407,B
2408,D
2409,A
2410,C
2411,A
2412,C
2413,A
2414,B
2415,C
2416,B
2417,A
2418,A
2419,B
2420,A
2421,A
2422,B
2423,A
2424,B
2425,A
2426,C
2427,C
2428,E
2429,B
2430,A
2431,B
2432,A
2433,B
2434,0
2435,B
2436,B
2437,C
2438,B
2439,C
2440,0
2441,6
2442,B
2443,B
2444,B
2445,A
2446,B
2447,A
2448,D
2449,D
2450,14
2451,C
2452,B
2453,B
2454,B
2455,A
2456,C
2457,C
2458,C
2459,A
2460,A
2461,6
2462,C
2463,B
2464,B
2465,A
2466,B
2467,4
2468,C
2469,B
2470,A
2471,B
2472,B
2473,A
2474,A
2475,A
2476,D
2477,B
2478,D
2479,C
2480,C
2481,A
2482,D
2483,C
2484,2
2485,B
2486,A
2487,B
2488,A
2489,B
2490,A
2491,A
2492,C
2493,C
2494,A
2495,B
2496,3
2497,A
2498,B
2499,B
2500,A
2501,A
2502,A
2503,B
2504,B
2505,B
2506,C
2507,B
2508,C
2509,B
2510,A
2511,A
2512,B
2513,D
2514,B
2515,6
2516,3
2517,B
2518,C
2519,A
2520,B
2521,0
2522,D
2523,A
2524,B
2525,D
2526,0
2527,B
2528,D
2529,B
2530,B
2531,24
2532,B
2533,A
2534,A
2535,A
2536,A
2537,A
2538,C
2539,B
2540,C
2541,B
2542,D
2543,D
2544,C
2545,B
2546,3
2547,A
2548,B
2549,D
2550,D
2551,A
2552,A
2553,B
2554,C
2555,B
2556,B
2557,B
2558,C
2559,B
2560,B
2561,B
2562,A
2563,D
2564,A
2565,A
2566,B
2567,B
2568,A
2569,C
2570,C
2571,A
2572,A
2573,C
2574,A
2575,A
2576,C
2577,A
2578,D
2579,B
2580,A
2581,B
2582,C
2583,B
2584,B
2585,C
2586,B
2587,A
2588,C
2589,B
2590,B
2591,B
2592,B
2593,D
2594,0
2595,B
2596,A
2597,C
2598,B
2599,C
2600,B
2601,A
2602,B
2603,B
2604,B
2605,A
2606,A
2607,A
2608,B
2609,C
2610,A
2611,0
2612,C
2613,0
2614,A
2615,B
2616,C
2617,0
2618,A
2619,C
2620,B
2621,11
2622,B
2623,B
2624,C
2625,A
2626,B
2627,A
2628,A
2629,B
2630,C
2631,B
2632,A
2633,C
2634,D
2635,A
2636,D
2637,C
2638,D
2639,D
2640,B
2641,B
2642,C
2643,0
2644,0
2645,A
2646,6
2647,A
2648,C
2649,B
2650,B
2651,D
2652,B
2653,A
2654,B
2655,B
2656,A
2657,B
2658,C
2659,B
2660,A
2661,C
2662,A
2663,C
2664,B
2665,D
2666,A
2667,A
2668,A
2669,B
2670,B
2671,A
2672,6
2673,B
2674,A
2675,A
2676,B
2677,D
2678,B
2679,B
2680,A
2681,C
2682,C
2683,C
2684,D
2685,B
2686,A
2687,A
2688,C
2689,B
2690,B
2691,C
2692,A
2693,B
2694,B
2695,D
2696,A
2697,A
2698,D
2699,B
2700,B
2701,A
2702,B
2703,C
2704,A
2705,C
2706,B
2707,B
2708,B
2709,6
2710,A
2711,B
2712,A
2713,A
2714,A
2715,D
2716,64
2717,B
2718,B
2719,A
2720,B
2721,B
2722,A
2723,B
2724,A
2725,B
2726,C
2727,B
2728,A
2729,B
2730,B
2731,B
2732,6
2733,D
2734,D
2735,C
2736,A
2737,B
2738,B
2739,C
2740,B
2741,B
2742,C
2743,A
2744,0
2745,24
2746,D
2747,C
2748,C
2749,C
2750,A
2751,B
2752,D
2753,A
2754,A
2755,C
2756,B
2757,A
2758,A
2759,C
2760,C
2761,B
2762,A
2763,A
2764,B
2765,A
2766,B
2767,7
2768,B
2769,A
2770,C
2771,D
2772,D
2773,B
2774,3
2775,B
2776,0
2777,B
2778,74
2779,B
2780,C
2781,B
2782,A
2783,3
2784,C
2785,B
2786,B
2787,A
2788,C
2789,D
2790,A
2791,B
2792,B
2793,A
2794,A
2795,B
2796,B
2797,D
2798,B
2799,C
2800,B
2801,C
2802,B
2803,B
2804,C
2805,C
2806,B
2807,C
2808,C
2809,0
2810,D
2811,A
2812,C
2813,F
2814,B
2815,6
2816,B
2817,A
2818,A
2819,B
2820,B
2821,A
2822,B
2823,24
2824,A
2825,B
2826,10
2827,C
2828,D
2829,A
2830,A
2831,B
2832,C
2833,A
2834,D
2835,C
2836,C
2837,C
2838,B
2839,C
2840,D
2841,B
2842,C
2843,B
2844,7
2845,A
2846,B
2847,B
2848,C
2849,B
2850,8
2851,A
2852,B
2853,B
2854,D
2855,B
2856,A
2857,A
2858,C
2859,A
2860,A
2861,0
2862,C
2863,3
2864,A
2865,B
2866,B
2867,C
2868,B
2869,B
2870,B
2871,A
2872,C
2873,B
2874,D
2875,B
2876,B
2877,B
2878,D
2879,B
2880,B
2881,C
2882,C
2883,B
2884,B
2885,B
2886,B
2887,D
2888,9
2889,B
2890,A
2891,B
2892,A
2893,C
2894,A
2895,C
2896,B
2897,A
2898,B
2899,A
2900,6
2901,A
2902,C
2903,A
2904,B
2905,A
2906,A
2907,D
2908,B
2909,A
2910,A
2911,B
2912,A
2913,D
2914,B
2915,C
2916,A
2917,A
2918,D
2919,B
2920,8
2921,B
2922,B
2923,A
2924,C
2925,B
2926,D
2927,0
2928,D
2929,D
2930,B
2931,6
2932,A
2933,C
2934,C
2935,C
2936,4
2937,C
2938,B
2939,C
2940,D
2941,0
2942,D
2943,B
2944,B
2945,C
2946,A
2947,A
2948,4
2949,C
2950,D
2951,B
2952,0
2953,B
2954,A
2955,A
2956,C
2957,C
2958,A
2959,A
2960,B
2961,A
2962,B
2963,B
2964,D
2965,C
2966,B
2967,A
2968,B
2969,B
2970,0
2971,A
2972,D
2973,C
2974,3
2975,A
2976,B
2977,A
2978,A
2979,8
2980,D
2981,0
2982,C
2983,B
2984,B
2985,C
2986,A
2987,A
2988,C
2989,B
2990,C
2991,A
2992,A
2993,D
2994,C
2995,B
2996,A
2997,C
2998,B
2999,0
3000,B
3001,A
3002,B
3003,C
3004,A
3005,D
3006,C
3007,B
3008,A
3009,C
3010,B
3011,B
3012,B
3013,B
3014,A
3015,B
3016,C
3017,D
3018,B
3019,B
3020,B
3021,A
3022,C
3023,D
3024,C
3025,A
3026,0
3027,B
3028,A
3029,B
3030,A
3031,B
3032,B
3033,A
3034,D
3035,D
3036,C
3037,D
3038,C
3039,D
3040,A
3041,D
3042,D
3043,D
3044,C
3045,B
3046,B
3047,B
3048,A
3049,B
3050,B
3051,C
3052,B
3053,A
3054,A
3055,1
3056,0
3057,C
3058,D
3059,C
3060,0
3061,A
3062,B
3063,8
3064,B
3065,B
3066,B
3067,B
3068,A
3069,B
3070,C
3071,B
3072,A
3073,A
3074,B
3075,A
3076,B
3077,B
3078,A
3079,C
3080,A
3081,4
3082,C
3083,B
3084,C
3085,A
3086,C
3087,D
3088,B
3089,C
3090,B
3091,A
3092,A
3093,A
3094,D
3095,B
3096,B
3097,B
3098,B
3099,3
3100,D
3101,B
3102,B
3103,C
3104,D
3105,A
3106,C
3107,B
3108,A
3109,B
3110,B
3111,B
3112,B
3113,A
3114,B
3115,B
3116,B
3117,A
3118,C
3119,B
3120,A
3121,B
3122,C
3123,C
3124,C
3125,D
3126,B
3127,C
3128,B
3129,4
3130,D
3131,A
3132,A
3133,D
3134,0
3135,D
3136,B
3137,B
3138,A
3139,C
3140,B
3141,D
3142,C
3143,D
3144,A
3145,C
3146,1
3147,C
3148,B
3149,D
3150,A
3151,B
3152,C
3153,B
3154,B
3155,C
3156,B
3157,A
3158,B
3159,D
3160,B
3161,B
3162,3
3163,B
3164,D
3165,C
3166,8
3167,B
3168,D
3169,A
3170,C
3171,A
3172,C
3173,D
3174,B
3175,C
3176,A
3177,A
3178,A
3179,D
3180,A
3181,A
3182,C
3183,B
3184,C
3185,4
3186,B
3187,E
3188,B
3189,A
3190,C
3191,A
3192,C
3193,4
3194,B
3195,B
3196,0
3197,A
3198,B
3199,D
3200,E
3201,B
3202,B
3203,A
3204,D
3205,C
3206,D
3207,7
3208,B
3209,19
3210,19
3211,A
3212,B
3213,A
3214,A
3215,C
3216,A
3217,A
3218,D
3219,B
3220,B
3221,D
3222,A
3223,B
3224,A
3225,B
3226,D
3227,C
3228,D
3229,0
3230,B
3231,B
3232,B
3233,2
3234,B
3235,B
3236,B
3237,A
3238,B
3239,A
3240,A
3241,D
3242,A
3243,A
3244,5
3245,E
3246,B
3247,A
3248,D
3249,C
3250,B
3251,B
3252,2
3253,0
3254,16
3255,D
3256,C
3257,D
3258,A
3259,B
3260,A
3261,C
3262,D
3263,6
3264,B
3265,A
3266,C
3267,9
3268,B
3269,C
3270,B
3271,D
3272,208
3273,B
3274,A
3275,2
3276,B
3277,C
3278,A
3279,A
3280,0
3281,B
3282,B
3283,B
3284,B
3285,B
3286,4
3287,C
3288,A
3289,A
3290,C
3291,A
3292,B
3293,B
3294,A
3295,B
3296,0
3297,C
3298,B
3299,A
3300,A
3301,C
3302,D
3303,4
3304,0
3305,B
3306,C
3307,B
3308,0
3309,D
3310,A
3311,A
3312,C
3313,18
3314,C
3315,B
3316,B
3317,6
3318,7
3319,B
3320,B
3321,B
3322,B
3323,B
3324,D
3325,C
3326,B
3327,0
3328,C
3329,C
3330,C
3331,A
3332,B
3333,A
3334,0
3335,0
3336,B
3337,C
3338,B
3339,0
3340,A
3341,B
3342,B
3343,D
3344,0
3345,C
3346,8
3347,B
3348,D
3349,A
3350,B
3351,B
3352,B
3353,D
3354,C
3355,C
3356,B
3357,A
3358,D
3359,10
3360,C
3361,C
3362,B
3363,B
3364,A
3365,12
3366,A
3367,B
3368,B
3369,A
3370,8
3371,C
3372,B
3373,A
3374,4
3375,D
3376,B
3377,A
3378,B
3379,B
3380,D
3381,B
3382,C
3383,A
3384,D
3385,A
3386,C
3387,A
3388,B
3389,A
3390,B
3391,A
3392,B
3393,A
3394,B
3395,A
3396,B
3397,B
3398,A
3399,B
3400,B
3401,B
3402,C
3403,B
3404,D
3405,A
3406,A
3407,D
3408,B
3409,B
3410,D
3411,24
3412,C
3413,D
3414,4
3415,B
3416,D
3417,D
3418,C
3419,A
3420,B
3421,A
3422,4
3423,E
3424,B
3425,D
3426,24
3427,C
3428,B
3429,C
3430,B
3431,C
3432,C
3433,A
3434,B
3435,A
3436,A
3437,A
3438,4
3439,10
3440,B
3441,A
3442,B
3443,7
3444,C
3445,C
3446,C
3447,A
3448,B
3449,B
3450,A
3451,0
3452,B
3453,B
3454,1
3455,C
3456,C
3457,B
3458,A
3459,C
3460,C
3461,D
3462,B
3463,B
3464,B
3465,A
3466,B
3467,A
3468,B
3469,B
3470,8
3471,C
3472,B
3473,A
3474,C
3475,A
3476,C
3477,C
3478,B
3479,B
3480,C
3481,A
3482,A
3483,C
3484,B
3485,C
3486,0
3487,A
3488,B
3489,6
3490,A
3491,D
3492,D
3493,A
3494,C
3495,C
3496,0
3497,C
3498,B
3499,A
3500,B
3501,A
3502,D
3503,B
3504,B
3505,B
3506,A
3507,C
3508,B
3509,A
3510,B
3511,B
3512,A
3513,A
3514,A
3515,A
3516,D
3517,A
3518,B
3519,B
3520,C
3521,D
3522,A
3523,B
3524,0
3525,D
3526,A
3527,B
3528,A
3529,E
3530,A
3531,C
3532,A
3533,C
3534,D
3535,C
3536,B
3537,B
3538,C
3539,B
3540,B
3541,3
3542,A
3543,7
3544,D
3545,B
3546,B
3547,B
3548,A
3549,C
3550,B
3551,D
3552,B
3553,D
3554,B
3555,A
3556,D
3557,B
3558,C
3559,B
3560,C
3561,A
3562,C
3563,A
3564,B
3565,A
3566,64
3567,E
3568,C
3569,B
3570,B
3571,0
3572,A
3573,A
3574,C
3575,D
3576,C
3577,C
3578,A
3579,A
3580,B
3581,D
3582,0
3583,B
3584,D
3585,B
3586,A
3587,A
3588,C
3589,C
3590,D
3591,8
3592,82
3593,A
3594,B
3595,A
3596,C
3597,A
3598,C
3599,B
3600,B
3601,C
3602,A
3603,A
3604,C
3605,B
3606,0
3607,D
3608,A
3609,C
3610,3
3611,A
3612,E
3613,B
3614,A
3615,B
3616,B
3617,6
3618,D
3619,A
3620,D
3621,C
3622,A
3623,C
3624,A
3625,A
3626,132
3627,0
3628,0
3629,C
3630,0
3631,B
3632,A
3633,B
3634,C
3635,C
3636,B
3637,B
3638,B
3639,A
3640,D
3641,A
3642,B
3643,C
3644,A
3645,B
3646,C
3647,C
3648,B
3649,B
3650,C
3651,C
3652,C
3653,26
3654,B
3655,D
3656,A
3657,B
3658,A
3659,B
3660,C
3661,0
3662,A
3663,B
3664,A
3665,B
3666,C
3667,A
3668,A
3669,B
3670,D
3671,B
3672,A
3673,A
3674,0
3675,C
3676,B
3677,A
3678,A
3679,6
3680,B
3681,C
3682,4
3683,A
3684,D
3685,0
3686,C
3687,A
3688,A
3689,3
3690,A
3691,B
3692,A
3693,D
3694,A
3695,B
3696,B
3697,C
3698,D
3699,D
3700,D
3701,A
3702,D
3703,C
3704,A
3705,B
3706,A
3707,C
3708,B
3709,C
3710,A
3711,B
3712,B
3713,B
3714,B
3715,C
3716,A
3717,C
3718,C
3719,B
3720,B
3721,B
3722,A
3723,A
3724,10
3725,B
3726,A
3727,B
3728,D
3729,B
3730,4
3731,9
3732,330
3733,B
3734,B
3735,D
3736,C
3737,C
3738,A
3739,B
3740,6
3741,A
3742,B
3743,A
3744,B
3745,B
3746,A
3747,A
3748,B
3749,A
3750,D
3751,A
3752,A
3753,D
3754,A
3755,A
3756,B
3757,A
3758,C
3759,A
3760,C
3761,B
3762,12
3763,D
3764,B
3765,B
3766,D
3767,B
3768,C
3769,A
3770,B
3771,D
3772,B
3773,5
3774,C
3775,0
3776,D
3777,D
3778,D
3779,A
3780,D
3781,B
3782,C
3783,B
3784,3
3785,D
3786,C
3787,B
3788,B
3789,C
3790,B
3791,B
3792,B
3793,8
3794,C
3795,B
3796,10
3797,A
3798,C
3799,B
3800,B
3801,D
3802,C
3803,C
3804,B
3805,C
3806,B
3807,A
3808,B
3809,A
3810,B
3811,B
3812,A
3813,C
3814,B
3815,A
3816,A
3817,B
3818,B
3819,D
3820,5
3821,B
3822,0
3823,A
3824,19
3825,B
3826,D
3827,B
3828,14
3829,A
3830,B
3831,B
3832,A
3833,B
3834,D
3835,C
3836,A
3837,A
3838,B
3839,A
3840,A
3841,B
3842,13
3843,B
3844,B
3845,A
3846,14
3847,B
3848,34
3849,B
3850,A
3851,A
3852,B
3853,B
3854,A
3855,B
3856,B
3857,E
3858,B
3859,A
3860,A
3861,3
3862,B
3863,A
3864,A
3865,C
3866,B
3867,C
3868,D
3869,B
3870,C
3871,A
3872,C
3873,B
3874,A
3875,B
3876,A
3877,B
3878,D
3879,A
3880,B
3881,B
3882,B
3883,B
3884,A
3885,B
3886,A
3887,B
3888,A
3889,B
3890,9
3891,B
3892,B
3893,B
3894,B
3895,C
3896,C
3897,A
3898,A
3899,0
3900,B
3901,A
3902,C
3903,D
3904,B
3905,A
3906,D
3907,C
3908,2
3909,D
3910,A
3911,B
3912,B
3913,D
3914,A
3915,B
3916,B
3917,A
3918,A
3919,D
3920,B
3921,0
3922,A
3923,A
3924,A
3925,B
3926,A
3927,A
3928,C
3929,E
3930,B
3931,B
3932,C
3933,A
3934,B
3935,C
3936,A
3937,A
3938,D
3939,A
3940,B
3941,A
3942,C
3943,B
3944,B
3945,C
3946,B
3947,B
3948,B
3949,A
3950,A
3951,B
3952,D
3953,B
3954,C
3955,D
3956,C
3957,B
3958,A
3959,C
3960,B
3961,B
3962,A
3963,B
3964,D
3965,A
3966,A
3967,B
3968,B
3969,A
3970,B
3971,B
3972,D
3973,A
3974,3
3975,B
3976,A
3977,D
3978,C
3979,A
3980,B
3981,B
3982,B
3983,A
3984,38
3985,B
3986,A
3987,B
3988,A
3989,C
3990,A
3991,C
3992,C
3993,B
3994,C
3995,C
3996,A
3997,C
3998,C
3999,A
4000,D
4001,B
4002,B
4003,E
4004,C
4005,A
4006,C
4007,B
4008,B
4009,F
4010,C
4011,A
4012,B
4013,B
4014,B
4015,B
4016,A
4017,C
4018,A
4019,B
4020,B
4021,C
4022,B
4023,A
4024,B
4025,B
4026,A
4027,C
4028,5
4029,B
4030,A
4031,B
4032,B
4033,C
4034,A
4035,C
4036,B
4037,A
4038,B
4039,B
4040,D
4041,D
4042,A
4043,B
4044,B
4045,A
4046,B
4047,B
4048,C
4049,B
4050,A
4051,B
4052,E
4053,A
4054,C
4055,A
4056,6
4057,B
4058,A
4059,C
4060,C
4061,B
4062,B
4063,C
4064,B
4065,D
4066,B
4067,C
4068,B
4069,B
4070,D
4071,D
4072,A
4073,C
4074,A
4075,B
4076,B
4077,A
4078,A
4079,B
4080,B
4081,A
4082,C
4083,C
4084,A
4085,B
4086,B
4087,B
4088,B
4089,B
4090,B
4091,B
4092,C
4093,C
4094,A
4095,0
4096,B
4097,C
4098,B
4099,D
4100,7
4101,D
4102,C
4103,B
4104,48
4105,D
4106,B
4107,A
4108,A
4109,A
4110,8
4111,A
4112,C
4113,B
4114,A
4115,A
4116,A
4117,B
4118,B
4119,B
4120,C
4121,A
4122,D
4123,B
4124,8
4125,D
4126,6
4127,0
4128,D
4129,B
4130,D
4131,A
4132,A
4133,D
4134,A
4135,8
4136,B
4137,B
4138,C
4139,C
4140,C
4141,B
4142,D
4143,A
4144,A
4145,A
4146,D
4147,B
4148,D
4149,C
4150,C
4151,B
4152,10
4153,0
4154,B
4155,B
4156,C
4157,A
4158,4
4159,A
4160,A
4161,B
4162,A
4163,A
4164,B
4165,B
4166,A
4167,A
4168,C
4169,0
4170,B
4171,B
4172,D
4173,B
4174,C
4175,A
4176,A
4177,C
4178,B
4179,A
4180,D
4181,D
4182,0
4183,B
4184,8
4185,C
4186,D
4187,A
4188,A
4189,B
4190,C
4191,A
4192,D
4193,A
4194,D
4195,B
4196,0
4197,A
4198,B
4199,B
4200,A
4201,A
4202,C
4203,D
4204,D
4205,B
4206,A
4207,A
4208,B
4209,0
4210,0
4211,B
4212,C
4213,A
4214,B
4215,B
4216,D
4217,B
4218,A
4219,A
4220,A
4221,A
4222,A
4223,2
4224,C
4225,D
4226,A
4227,B
4228,B
4229,B
4230,C
4231,C
4232,B
4233,B
4234,A
4235,C
4236,A
4237,D
4238,B
4239,D
4240,D
4241,A
4242,A
4243,B
4244,D
4245,B
4246,A
4247,B
4248,C
4249,A
4250,B
4251,A
4252,D
4253,A
4254,B
4255,0
4256,A
4257,D
4258,0
4259,A
4260,C
4261,D
4262,A
4263,10
4264,A
4265,B
4266,A
4267,C
4268,B
4269,A
4270,A
4271,C
4272,A
4273,D
4274,D
4275,C
4276,A
4277,B
4278,B
4279,B
4280,A
4281,D
4282,C
4283,B
4284,A
4285,B
4286,D
4287,6
4288,A
4289,B
4290,A
4291,C
4292,B
4293,C
4294,B
4295,0
4296,A
4297,C
4298,C
4299,B
4300,B
4301,A
4302,C
4303,B
4304,D
4305,A
4306,A
4307,C
4308,B
4309,A
4310,C
4311,A
4312,C
4313,B
4314,B
4315,C
4316,D
4317,B
4318,A
4319,12
4320,A
4321,A
4322,0
4323,A
4324,A
4325,A
4326,E
4327,B
4328,C
4329,C
4330,C
4331,A
4332,7
4333,A
4334,C
4335,B
4336,A
4337,C
4338,A
4339,D
4340,B
4341,D
4342,A
4343,C
4344,D
4345,C
4346,A
4347,A
4348,D
4349,B
4350,D
4351,D
4352,D
4353,B
4354,A
4355,A
4356,E
4357,B
4358,B
4359,B
4360,D
4361,B
4362,12
4363,D
4364,D
4365,A
4366,B
4367,A
4368,A
4369,A
4370,B
4371,B
4372,B
4373,A
4374,0
4375,A
4376,33
4377,D
4378,A
4379,A
4380,D
4381,A
4382,B
4383,A
4384,8
4385,C
4386,C
4387,D
4388,A
4389,D
4390,B
4391,A
4392,C
4393,A
4394,B
4395,B
4396,B
4397,D
4398,B
4399,B
4400,B
4401,B
4402,B
4403,A
4404,D
4405,B
4406,A
4407,A
4408,B
4409,0
4410,B
4411,C
4412,C
4413,D
4414,A
4415,B
4416,B
4417,A
4418,C
4419,A
4420,B
4421,B
4422,C
4423,A
4424,B
4425,D
4426,B
4427,B
4428,C
4429,0
4430,A
4431,B
4432,2
4433,A
4434,C
4435,A
4436,C
4437,A
4438,A
4439,A
4440,B
4441,B
4442,B
4443,B
4444,A
4445,B
4446,B
4447,B
4448,0
4449,A
4450,D
4451,A
4452,D
4453,D
4454,A
4455,A
4456,A
4457,A
4458,D
4459,C
4460,A
4461,12
4462,B
4463,B
4464,A
4465,B
4466,C
4467,A
4468,A
4469,C
4470,A
4471,D
4472,B
4473,D
4474,B
4475,B
4476,A
4477,C
4478,A
4479,A
4480,A
4481,D
4482,B
4483,C
4484,B
4485,10
4486,C
4487,A
4488,C
4489,0
4490,B
4491,B
4492,8
4493,B
4494,C
4495,A
4496,A
4497,C
4498,B
4499,B
4500,2
4501,B
4502,B
4503,A
4504,A
4505,A
4506,0
4507,A
4508,D
4509,B
4510,C
4511,A
4512,9
4513,B
4514,10
4515,6
4516,C
4517,A
4518,B
4519,B
4520,B
4521,B
4522,C
4523,B
4524,B
4525,C
4526,A
4527,D
4528,A
4529,B
4530,C
4531,B
4532,C
4533,B
4534,C
4535,B
4536,B
4537,A
4538,0
4539,A
4540,E
4541,A
4542,6
4543,B
4544,C
4545,1
4546,E
4547,B
4548,B
4549,A
4550,C
4551,E
4552,3
4553,C
4554,A
4555,A
4556,B
4557,D
4558,A
4559,C
4560,B
4561,A
4562,A
4563,B
4564,B
4565,B
4566,A
4567,A
4568,B
4569,A
4570,2
4571,D
4572,C
4573,C
4574,B
4575,C
4576,B
4577,B
4578,B
4579,D
4580,10
4581,B
4582,5
4583,B
4584,C
4585,A
4586,C
4587,A
4588,C
4589,A
4590,A
4591,B
4592,B
4593,D
4594,B
4595,B
4596,A
4597,D
4598,B
4599,B
4600,C
4601,C
4602,D
4603,B
4604,A
4605,B
4606,A
4607,D
4608,B
4609,B
4610,C
4611,A
4612,A
4613,B
4614,C
4615,A
4616,B
4617,0
4618,A
4619,B
4620,C
4621,D
4622,A
4623,A
4624,D
4625,D
4626,2
4627,B
4628,B
4629,A
4630,D
4631,B
4632,B
4633,9
4634,C
4635,B
4636,A
4637,5
4638,C
4639,C
4640,B
4641,A
4642,A
4643,C
4644,B
4645,D
4646,7
4647,D
4648,C
4649,C
4650,A
4651,C
4652,B
4653,D
4654,A
4655,B
4656,B
4657,4
4658,C
4659,B
4660,B
4661,A
4662,B
4663,B
4664,B
4665,B
4666,A
4667,C
4668,B
4669,B
4670,B
4671,A
4672,B
4673,D
4674,A
4675,C
4676,C
4677,D
4678,B
4679,A
4680,B
4681,B
4682,C
4683,B
4684,D
4685,B
4686,A
4687,D
4688,A
4689,A
4690,A
4691,B
4692,D
4693,C
4694,B
4695,D
4696,B
4697,B
4698,D
4699,B
4700,A
4701,B
4702,B
4703,B
4704,A
4705,E
4706,B
4707,B
4708,B
4709,B
4710,A
4711,9
4712,B
4713,A
4714,A
4715,D
4716,D
4717,C
4718,B
4719,C
4720,C
4721,B
4722,A
4723,B
4724,D
4725,B
4726,C
4727,C
4728,A
4729,B
4730,B
4731,B
4732,C
4733,B
4734,D
4735,B
4736,B
4737,C
4738,A
4739,C
4740,B
4741,0
4742,B
4743,B
4744,0
4745,B
4746,B
4747,C
4748,0
4749,11
4750,B
4751,A
4752,C
4753,10
4754,0
4755,6
4756,D
4757,D
4758,A
4759,A
4760,B
4761,B
4762,A
4763,0
4764,B
4765,B
4766,C
4767,A
4768,B
4769,C
4770,A
4771,A
4772,D
4773,C
4774,B
4775,A
4776,A
4777,B
4778,A
4779,B
4780,A
4781,B
4782,A
4783,A
4784,A
4785,A
4786,D
4787,A
4788,B
4789,A
4790,A
4791,B
4792,B
4793,D
4794,0
4795,B
4796,B
4797,A
4798,A
4799,B
4800,9
4801,C
4802,C
4803,A
4804,B
4805,0
4806,D
4807,D
4808,A
4809,C
4810,0
4811,A
4812,C
4813,D
4814,D
4815,A
4816,A
4817,A
4818,A
4819,D
4820,A
4821,C
4822,C
4823,E
4824,B
4825,B
4826,A
4827,B
4828,A
4829,B
4830,D
4831,B
4832,0
4833,14
4834,C
4835,B
4836,C
4837,D
4838,C
4839,D
4840,C
4841,B
4842,D
4843,D
4844,A
4845,0
4846,C
4847,7
4848,D
4849,A
4850,B
4851,26
4852,A
4853,C
4854,B
4855,B
4856,D
4857,C
4858,D
4859,C
4860,C
4861,B
4862,B
4863,D
4864,B
4865,C
4866,D
4867,C
4868,A
4869,B
4870,C
4871,A
4872,D
4873,A
4874,0
4875,C
4876,C
4877,7
4878,A
4879,A
4880,B
4881,C
4882,B
4883,B
4884,B
4885,C
4886,D
4887,C
4888,A
4889,C
4890,A
4891,C
4892,C
4893,A
4894,B
4895,A
4896,C
4897,D
4898,A
4899,A
4900,B
4901,A
4902,A
4903,A
4904,D
4905,A
4906,B
4907,B
4908,C
4909,24
4910,D
4911,D
4912,A
4913,24
4914,D
4915,2
4916,A
4917,B
4918,C
4919,A
4920,B
4921,B
4922,B
4923,B
4924,0
4925,B
4926,A
4927,A
4928,0
4929,A
4930,B
4931,C
4932,0
4933,A
4934,C
4935,B
4936,B
4937,A
4938,B
4939,14
4940,A
4941,C
4942,A
4943,B
4944,B
4945,B
4946,D
4947,13
4948,B
4949,B
4950,A
4951,A
4952,B
4953,A
4954,A
4955,A
4956,B
4957,D
4958,B
4959,A
4960,B
4961,C
4962,A
4963,A
4964,B
4965,3
4966,B
4967,A
4968,E
4969,C
4970,A
4971,D
4972,C
4973,C
4974,C
4975,A
4976,E
4977,C
4978,A
4979,A
4980,B
4981,C
4982,D
4983,7
4984,A
4985,A
4986,B
4987,D
4988,A
4989,A
4990,B
4991,A
4992,B
4993,D
4994,C
4995,C
4996,C
4997,B
4998,A
4999,B
5000,A
5001,B
5002,A
5003,1
5004,D
5005,B
5006,D
5007,C
5008,D
5009,4
5010,D
5011,B
5012,15
5013,A
5014,B
5015,B
5016,D
5017,B
5018,B
5019,A
5020,A
5021,A
5022,A
5023,A
5024,B
5025,C
5026,B
5027,8
5028,C
5029,B
5030,A
5031,A
5032,A
5033,D
5034,0
5035,C
5036,B
5037,B
5038,D
5039,B
5040,B
5041,D
5042,D
5043,C
5044,B
5045,A
5046,B
5047,9
5048,E
5049,B
5050,A
5051,D
5052,D
5053,B
5054,C
5055,B
5056,A
5057,B
5058,B
5059,A
5060,A
5061,B
5062,A
5063,B
5064,A
5065,D
5066,B
5067,C
5068,B
5069,C
5070,B
5071,B
5072,B
5073,B
5074,A
5075,C
5076,6
5077,A
5078,B
5079,A
5080,3
5081,A
5082,C
5083,A
5084,A
5085,B
5086,A
5087,A
5088,B
5089,A
5090,A
5091,A
5092,0
5093,D
5094,B
5095,B
5096,D
5097,A
5098,A
5099,A
5100,15
5101,A
5102,A
5103,C
5104,B
5105,C
5106,B
5107,B
5108,B
5109,B
5110,A
5111,A
5112,A
5113,A
5114,C
5115,C
5116,C
5117,8
5118,B
5119,C
5120,C
5121,D
5122,4
5123,C
5124,A
5125,C
5126,A
5127,C
5128,D
5129,C
5130,A
5131,B
5132,B
5133,B
5134,14
5135,A
5136,0
5137,B
5138,B
5139,B
5140,A
5141,D
5142,D
5143,A
5144,B
5145,B
5146,B
5147,A
5148,C
5149,B
5150,A
5151,C
5152,C
5153,A
5154,A
5155,B
5156,A
5157,B
5158,B
5159,A
5160,B
5161,B
5162,B
5163,0
5164,C
5165,B
5166,A
5167,D
5168,A
5169,B
5170,D
5171,C
5172,D
5173,B
5174,A
5175,B
5176,D
5177,0
5178,A
5179,8
5180,C
5181,C
5182,D
5183,C
5184,C
5185,A
5186,B
5187,B
5188,C
5189,B
5190,B
5191,A
5192,B
5193,0
5194,A
5195,C
5196,B
5197,B
5198,A
5199,B
5200,C
5201,B
5202,A
5203,C
5204,B
5205,B
5206,E
5207,B
5208,A
5209,A
5210,C
5211,A
5212,C
5213,B
5214,C
5215,3
5216,B
5217,B
5218,B
5219,A
5220,B
5221,B
5222,C
5223,A
5224,C
5225,C
5226,A
5227,B
5228,B
5229,A
5230,0
5231,C
5232,C
5233,C
5234,B
5235,B
5236,B
5237,A
5238,A
5239,B
5240,D
5241,A
5242,A
5243,C
5244,D
5245,A
5246,B
5247,A
5248,B
5249,C
5250,B
5251,B
5252,A
5253,A
5254,B
5255,C
5256,C
5257,9
5258,A
5259,A
5260,A
5261,C
5262,A
5263,B
5264,B
5265,A
5266,B
5267,B
5268,9
5269,B
5270,D
5271,B
5272,C
5273,A
5274,B
5275,B
5276,B
5277,E
5278,A
5279,C
5280,B
5281,C
5282,B
5283,A
5284,D
5285,A
5286,10
5287,B
5288,C
5289,C
5290,C
5291,B
5292,D
5293,B
5294,B
5295,A
5296,7
5297,C
5298,B
5299,B
5300,D
5301,12
5302,B
5303,B
5304,D
5305,B
5306,D
5307,A
5308,B
5309,10
5310,C
5311,D
5312,A
5313,B
5314,B
5315,C
5316,A
5317,C
5318,A
5319,C
5320,C
5321,D
5322,D
5323,B
5324,B
5325,A
5326,B
5327,A
5328,A
5329,B
5330,A
5331,B
5332,B
5333,B
5334,C
5335,C
5336,C
5337,0
5338,B
5339,A
5340,D
5341,B
5342,C
5343,C
5344,A
5345,D
5346,B
5347,A
5348,B
5349,C
5350,D
5351,D
5352,A
5353,D
5354,B
5355,B
5356,A
5357,A
5358,3
5359,A
5360,C
5361,C
5362,B
5363,A
5364,10
5365,B
5366,C
5367,C
5368,D
5369,A
5370,D
5371,D
5372,C
5373,B
5374,D
5375,C
5376,A
5377,A
5378,6
5379,B
5380,A
5381,B
5382,D
5383,B
5384,A
5385,B
5386,C
5387,A
5388,D
5389,D
5390,B
5391,A
5392,C
5393,B
5394,B
5395,A
5396,D
5397,0
5398,A
5399,C
5400,B
5401,B
5402,A
5403,C
5404,C
5405,B
5406,B
5407,C
5408,B
5409,D
5410,2
5411,A
5412,A
5413,4
5414,3
5415,D
5416,B
5417,A
5418,A
5419,B
5420,B
5421,B
5422,C
5423,B
5424,B
5425,B
5426,B
5427,A
5428,B
5429,A
5430,D
5431,B
5432,A
5433,8
5434,A
5435,C
5436,B
5437,C
5438,C
5439,B
5440,A
5441,A
5442,C
5443,A
5444,B
5445,B
5446,B
5447,A
5448,A
5449,A
5450,D
5451,D
5452,A
5453,0
5454,B
5455,9
5456,A
5457,A
5458,C
5459,C
5460,A
5461,D
5462,B
5463,B
5464,D
5465,A
5466,C
5467,A
5468,B
5469,A
5470,A
5471,A
5472,A
5473,A
5474,2
5475,2
5476,D
5477,D
5478,0
5479,A
5480,A
5481,B
5482,B
5483,E
5484,D
5485,C
5486,B
5487,A
5488,A
5489,D
5490,A
5491,0
5492,B
5493,B
5494,B
5495,B
5496,B
5497,A
5498,B
5499,B
5500,A
5501,D
5502,A
5503,A
5504,D
5505,B
5506,C
5507,B
5508,C
5509,D
5510,B
5511,C
5512,D
5513,C
5514,D
5515,A
5516,A
5517,A
5518,A
5519,C
5520,C
5521,B
5522,0
5523,D
5524,B
5525,B
5526,B
5527,B
5528,C
5529,C
5530,B
5531,A
5532,C
5533,B
5534,C
5535,D
5536,A
5537,C
5538,B
5539,D
5540,B
5541,A
5542,B
5543,B
5544,A
5545,B
5546,10
5547,C
5548,C
5549,A
5550,C
5551,B
5552,D
5553,C
5554,D
5555,B
5556,B
5557,D
5558,B
5559,3
5560,B
5561,B
5562,D
5563,A
5564,A
5565,C
5566,B
5567,B
5568,B
5569,B
5570,B
5571,C
5572,C
5573,B
5574,C
5575,A
5576,A
5577,A
5578,B
5579,A
5580,D
5581,D
5582,B
5583,B
5584,C
5585,C
5586,C
5587,A
5588,0
5589,A
5590,C
5591,A
5592,C
5593,B
5594,A
5595,A
5596,E
5597,A
5598,A
5599,A
5600,B
5601,C
5602,A
5603,B
5604,B
5605,C
5606,D
5607,B
5608,D
5609,D
5610,64
5611,D
5612,A
5613,B
5614,D
5615,B
5616,C
5617,0
5618,C
5619,A
5620,C
5621,B
5622,A
5623,A
5624,C
5625,B
5626,A
5627,C
5628,B
5629,C
5630,A
5631,A
5632,A
5633,C
5634,B
5635,A
5636,A
5637,C
5638,8
5639,A
5640,C
5641,B
5642,B
5643,A
5644,64
5645,B
5646,A
5647,0
5648,A
5649,0
5650,B
5651,A
5652,B
5653,B
5654,D
5655,A
5656,D
5657,A
5658,B
5659,A
5660,D
5661,B
5662,A
5663,B
5664,D
5665,B
5666,B
5667,6
5668,A
5669,B
5670,C
5671,D
5672,A
5673,B
5674,B
5675,D
5676,B
5677,C
5678,A
5679,B
5680,C
5681,B
5682,D
5683,A
5684,B
5685,B
5686,A
5687,B
5688,A
5689,C
5690,B
5691,A
5692,A
5693,B
5694,24
5695,B
5696,B
5697,B
5698,B
5699,B
5700,C
5701,B
5702,C
5703,C
5704,7
5705,A
5706,B
5707,A
5708,B
5709,D
5710,B
5711,B
5712,C
5713,0
5714,C
5715,C
5716,B
5717,6
5718,C
5719,B
5720,A
5721,C
5722,C
5723,C
5724,D
5725,8
5726,B
5727,A
5728,B
5729,D
5730,B
5731,A
5732,A
5733,B
5734,0
5735,A
5736,C
5737,B
5738,A
5739,B
5740,B
5741,B
5742,0
5743,A
5744,D
5745,B
5746,B
5747,B
5748,A
5749,B
5750,A
5751,B
5752,D
5753,A
5754,4
5755,C
5756,A
5757,C
5758,1
5759,B
5760,B
5761,B
5762,B
5763,D
5764,C
5765,A
5766,B
5767,C
5768,B
5769,B
5770,B
5771,D
5772,A
5773,C
5774,B
5775,B
5776,B
5777,D
5778,B
5779,A
5780,B
5781,E
5782,C
5783,C
5784,B
5785,A
5786,B
5787,A
5788,D
5789,A
5790,A
5791,A
5792,B
5793,B
5794,C
5795,A
5796,B
5797,B
5798,C
5799,B
5800,B
5801,B
5802,A
5803,A
5804,0
5805,B
5806,B
5807,B
5808,B
5809,A
5810,B
5811,B
5812,B
5813,B
5814,C
5815,B
5816,D
5817,B
5818,D
5819,D
5820,B
5821,A
5822,C
5823,B
5824,B
5825,B
5826,1
5827,A
5828,D
5829,B
5830,B
5831,C
5832,B
5833,A
5834,A
5835,B
5836,104
5837,B
5838,C
5839,D
5840,A
5841,C
5842,D
5843,D
5844,0
5845,B
5846,B
5847,C
5848,B
5849,D
5850,B
5851,A
5852,B
5853,A
5854,D
5855,D
5856,0
5857,A
5858,A
5859,C
5860,D
5861,D
5862,A
5863,A
5864,A
5865,A
5866,B
5867,C
5868,B
5869,D
5870,C
5871,B
5872,A
5873,B
5874,D
5875,A
5876,B
5877,C
5878,A
5879,B
5880,C
5881,A
5882,0
5883,D
5884,C
5885,A
5886,B
5887,B
5888,B
5889,A
5890,B
5891,C
5892,A
5893,B
5894,B
5895,4
5896,3
5897,B
5898,A
5899,A
5900,3
5901,D
5902,A
5903,3
5904,C
5905,D
5906,C
5907,D
5908,C
5909,B
5910,C
5911,C
5912,0
5913,A
5914,B
5915,6
5916,B
5917,A
5918,D
5919,A
5920,C
5921,A
5922,B
5923,C
5924,B
5925,B
5926,B
5927,C
5928,C
5929,D
5930,B
5931,D
5932,B
5933,D
5934,A
5935,A
5936,A
5937,A
5938,D
5939,C
5940,12
5941,B
5942,B
5943,0
5944,9
5945,B
5946,B
5947,A
5948,C
5949,A
5950,B
5951,A
5952,D
5953,A
5954,D
5955,D
5956,A
5957,0
5958,A
5959,8
5960,B
5961,1
5962,A
5963,B
5964,4
5965,0
5966,B
5967,B
5968,B
5969,B
5970,A
5971,B
5972,B
5973,17
5974,B
5975,A
5976,B
5977,C
5978,B
5979,D
5980,B
5981,D
5982,B
5983,6
5984,A
5985,C
5986,E
5987,4
5988,A
5989,D
5990,B
5991,2
5992,C
5993,D
5994,B
5995,B
5996,C
5997,D
5998,B
5999,B
6000,B
6001,D
6002,0
6003,A
6004,A
6005,14
6006,B
6007,A
6008,C
6009,B
6010,A
6011,A
6012,B
6013,B
6014,B
6015,6
6016,A
6017,B
6018,A
6019,B
6020,B
6021,C
6022,B
6023,B
6024,A
6025,0
6026,C
6027,A
6028,B
6029,D
6030,B
6031,B
6032,A
6033,B
6034,C
6035,A
6036,C
6037,5
6038,33
6039,C
6040,A
6041,C
6042,A
6043,E
6044,D
6045,20
6046,B
6047,B
6048,A
6049,D
6050,C
6051,D
6052,A
6053,3
6054,A
6055,A
6056,B
6057,B
6058,A
6059,C
6060,A
6061,0
6062,C
6063,D
6064,A
6065,C
6066,6
6067,A
6068,B
6069,B
6070,C
6071,C
6072,B
6073,B
6074,B
6075,A
6076,A
6077,A
6078,A
6079,B
6080,A
6081,B
6082,C
6083,D
6084,7
6085,D
6086,B
6087,C
6088,B
6089,B
6090,A
6091,B
6092,A
6093,B
6094,B
6095,B
6096,16
6097,4
6098,C
6099,C
6100,A
6101,D
6102,C
6103,D
6104,D
6105,A
6106,C
6107,C
6108,B
6109,A
6110,A
6111,C
6112,7
6113,B
6114,A
6115,A
6116,18
6117,D
6118,A
6119,7
6120,2
6121,C
6122,B
6123,A
6124,B
6125,D
6126,A
6127,B
6128,A
6129,D
6130,A
6131,A
6132,B
6133,9
6134,B
6135,B
6136,A
6137,B
6138,A
6139,A
6140,B
6141,B
6142,B
6143,D
6144,A
6145,A
6146,E
6147,B
6148,B
6149,B
6150,B
6151,A
6152,A
6153,D
6154,D
6155,C
6156,B
6157,2
6158,A
6159,E
6160,A
6161,A
6162,C
6163,B
6164,C
6165,4
6166,A
6167,C
6168,B
6169,A
6170,A
6171,B
6172,B
6173,B
6174,B
6175,B
6176,11
6177,C
6178,B
6179,A
6180,C
6181,A
6182,A
6183,B
6184,A
6185,B
6186,A
6187,C
6188,A
6189,B
6190,A
6191,0
6192,B
6193,A
6194,D
6195,A
6196,C
6197,A
6198,B
6199,B
6200,C
6201,B
6202,A
6203,A
6204,B
6205,A
6206,15
6207,C
6208,C
6209,A
6210,B
6211,C
6212,B
6213,B
6214,B
6215,B
6216,D
6217,A
6218,A
6219,F
6220,0
6221,A
6222,B
6223,B
6224,B
6225,B
6226,B
6227,B
6228,A
6229,D
6230,A
6231,A
6232,8
6233,A
6234,C
6235,D
6236,C
6237,B
6238,3
6239,330
6240,D
6241,A
6242,C
6243,C
6244,D
6245,A
6246,B
6247,B
6248,B
6249,A
6250,C
6251,A
6252,B
6253,B
6254,D
6255,B
6256,A
6257,10
6258,A
6259,B
6260,C
6261,A
6262,A
6263,B
6264,D
6265,D
6266,A
6267,0
6268,A
6269,B
6270,B
6271,B
6272,10
6273,A
6274,24
6275,B
6276,A
6277,C
6278,A
6279,2
6280,D
6281,A
6282,B
6283,A
6284,B
6285,C
6286,B
6287,B
6288,A
6289,C
6290,B
6291,12
6292,9
6293,A
6294,A
6295,B
6296,B
6297,3
6298,A
6299,B
6300,A
6301,A
6302,D
6303,B
6304,B
6305,D
6306,D
6307,A
6308,A
6309,B
6310,A
6311,C
6312,C
6313,0
6314,A
6315,B
6316,D
6317,A
6318,B
6319,C
6320,B
6321,B
6322,A
6323,B
6324,B
6325,C
6326,D
6327,10
6328,D
6329,D
6330,A
6331,B
6332,D
6333,A
6334,B
6335,D
6336,A
6337,A
6338,B
6339,A
6340,B
6341,2
6342,9
6343,C
6344,B
6345,B
6346,A
6347,A
6348,1
6349,C
6350,C
6351,B
6352,D
6353,B
6354,C
6355,A
6356,A
6357,C
6358,B
6359,A
6360,0
6361,B
6362,C
6363,A
6364,D
6365,B
6366,A
6367,D
6368,B
6369,D
6370,A
6371,C
6372,B
6373,C
6374,A
6375,A
6376,C
6377,15
6378,C
6379,D
6380,B
6381,B
6382,D
6383,B
6384,B
6385,D
6386,0
6387,A
6388,C
6389,C
6390,A
6391,B
6392,B
6393,0
6394,B
6395,A
6396,B
6397,E
6398,B
6399,C
6400,B
6401,B
6402,B
6403,C
6404,B
6405,6
6406,A
6407,A
6408,B
6409,A
6410,4
6411,B
6412,A
6413,A
6414,C
6415,B
6416,A
6417,B
6418,D
6419,B
6420,D
6421,A
6422,A
6423,A
6424,B
6425,0
6426,B
6427,B
6428,A
6429,B
6430,C
6431,B
6432,A
6433,A
6434,C
6435,B
6436,B
6437,E
6438,A
6439,D
6440,A
6441,D
6442,C
6443,D
6444,B
6445,A
6446,D
6447,B
6448,B
6449,B
6450,9
6451,B
6452,A
6453,B
6454,A
6455,B
6456,A
6457,D
6458,B
6459,D
6460,A
6461,B
6462,A
6463,C
6464,0
6465,B
6466,B
6467,A
6468,B
6469,C
6470,A
6471,B
6472,D
6473,B
6474,A
6475,B
6476,C
6477,A
6478,A
6479,B
6480,B
6481,B
6482,D
6483,A
6484,B
6485,A
6486,C
6487,B
6488,12
6489,A
6490,B
6491,A
6492,B
6493,B
6494,A
6495,B
6496,C
6497,B
6498,A
6499,C
6500,A
6501,D
6502,A
6503,C
6504,D
6505,A
6506,6
6507,A
6508,B
6509,C
6510,C
6511,B
6512,A
6513,B
6514,B
6515,D
6516,0
6517,C
6518,14
6519,D
6520,C
6521,B
6522,A
6523,B
6524,C
6525,B
6526,D
6527,D
6528,A
6529,A
6530,C
6531,C
6532,A
6533,B
6534,C
6535,B
6536,C
6537,D
6538,B
6539,D
6540,C
6541,B
6542,6
6543,B
6544,C
6545,B
6546,B
6547,B
6548,C
6549,C
6550,B
6551,D
6552,B
6553,A
6554,C
6555,A
6556,B
6557,B
6558,A
6559,D
6560,B
6561,A
6562,D
6563,C
6564,B
6565,B
6566,C
6567,A
6568,5
6569,B
6570,B
6571,A
6572,C
6573,3
6574,A
6575,B
6576,C
6577,B
6578,B
6579,D
6580,A
6581,A
6582,C
6583,A
6584,C
6585,A
6586,A
6587,A
6588,B
6589,B
6590,C
6591,D
6592,B
6593,B
6594,C
6595,D
6596,B
6597,D
6598,A
6599,C
6600,B
6601,4
6602,C
6603,E
6604,C
6605,A
6606,0
6607,D
6608,B
6609,C
6610,A
6611,C
6612,B
6613,A
6614,C
6615,3
6616,A
6617,C
6618,B
6619,A
6620,B
6621,C
6622,A
6623,A
6624,B
6625,D
6626,A
6627,D
6628,B
6629,D
6630,D
6631,0
6632,D
6633,C
6634,C
6635,D
6636,A
6637,C
6638,C
6639,C
6640,B
6641,B
6642,B
6643,B
6644,A
6645,B
6646,D
6647,D
6648,B
6649,A
6650,C
6651,10
6652,A
6653,D
6654,2
6655,B
6656,10
6657,C
6658,C
6659,B
6660,A
6661,A
6662,C
6663,B
6664,C
6665,C
6666,D
6667,D
6668,B
6669,A
6670,C
6671,D
6672,A
6673,B
6674,A
6675,0
6676,A
6677,B
6678,C
6679,B
6680,B
6681,B
6682,B
6683,A
6684,A
6685,B
6686,A
6687,C
6688,C
6689,B
6690,B
6691,B
6692,D
6693,0
6694,D
6695,B
6696,A
6697,D
6698,B
6699,B
6700,C
6701,A
6702,C
6703,B
6704,A
6705,B
6706,2
6707,D
6708,B
6709,A
6710,D
6711,A
6712,A
6713,B
6714,A
6715,A
6716,C
6717,A
6718,A
6719,A
6720,A
6721,B
6722,A
6723,A
6724,B
6725,B
6726,3
6727,B
6728,D
6729,0
6730,D
6731,D
6732,D
6733,C
6734,A
6735,0
6736,64
6737,A
6738,4
6739,A
6740,A
6741,A
6742,0
6743,A
6744,B
6745,8
6746,A
6747,C
6748,C
6749,D
6750,B
6751,A
6752,B
6753,C
6754,B
6755,D
6756,D
6757,A
6758,A
6759,C
6760,B
6761,A
6762,B
6763,A
6764,0
6765,A
6766,B
6767,D
6768,6
6769,6
6770,E
6771,B
6772,2
6773,B
6774,A
6775,B
6776,A
6777,A
6778,D
6779,0
6780,B
6781,C
6782,B
6783,C
6784,C
6785,D
6786,C
6787,D
6788,A
6789,A
6790,A
6791,B
6792,C
6793,A
6794,A
6795,9
6796,D
6797,A
6798,A
6799,B
6800,B
6801,5
6802,A
6803,C
6804,B
6805,B
6806,B
6807,A
6808,B
6809,B
6810,B
6811,A
6812,D
6813,A
6814,D
6815,C
6816,C
6817,B
6818,C
6819,A
6820,D
6821,A
6822,0
6823,A
6824,C
6825,A
6826,C
6827,D
6828,A
6829,A
6830,B
6831,A
6832,A
6833,D
6834,A
6835,B
6836,C
6837,C
6838,B
6839,D
6840,0
6841,A
6842,B
6843,E
6844,C
6845,B
6846,C
6847,9
6848,B
6849,B
6850,C
6851,D
6852,C
6853,A
6854,A
6855,D
6856,A
6857,B
6858,B
6859,D
6860,A
6861,C
6862,C
6863,C
6864,D
6865,A
6866,B
6867,C
6868,B
6869,C
6870,A
6871,B
6872,B
6873,D
6874,B
6875,B
6876,A
6877,A
6878,B
6879,B
6880,5
6881,D
6882,B
6883,B
6884,B
6885,A
6886,A
6887,C
6888,B
6889,D
6890,B
6891,3
6892,D
6893,A
6894,D
6895,B
6896,A
6897,B
6898,B
6899,B
6900,D
6901,B
6902,C
6903,C
6904,A
6905,B
6906,C
6907,B
6908,A
6909,B
6910,A
6911,B
6912,D
6913,C
6914,C
6915,D
6916,B
6917,B
6918,A
6919,B
6920,C
6921,A
6922,A
6923,B
6924,2
6925,B
6926,B
6927,D
6928,B
6929,C
6930,B
6931,B
6932,A
6933,B
6934,A
6935,D
6936,B
6937,B
6938,A
6939,A
6940,A
6941,C
6942,B
6943,E
6944,B
6945,C
6946,A
6947,A
6948,3
6949,C
6950,B
6951,D
6952,B
6953,B
6954,A
6955,B
6956,A
6957,B
6958,0
6959,D
6960,E
6961,D
6962,D
6963,0
6964,D
6965,A
6966,B
6967,A
6968,6
6969,B
6970,2
6971,B
6972,C
6973,B
6974,C
6975,B
6976,B
6977,A
6978,D
6979,C
6980,B
6981,A
6982,B
6983,B
6984,0
6985,A
6986,B
6987,A
6988,C
6989,C
6990,A
6991,C
6992,B
6993,A
6994,C
6995,C
6996,A
6997,9
6998,B
6999,B
7000,8
7001,B
7002,A
7003,C
7004,C
7005,C
7006,A
7007,B
7008,A
7009,C
7010,A
7011,A
7012,D
7013,A
7014,9
7015,B
7016,D
7017,C
7018,B
7019,C
7020,B
7021,C
7022,5
7023,C
7024,D
7025,D
7026,B
7027,B
7028,B
7029,A
7030,C
7031,8
7032,D
7033,B
7034,A
7035,C
7036,B
7037,A
7038,0
7039,C
7040,B
7041,B
7042,B
7043,B
7044,A
7045,D
7046,B
7047,B
7048,A
7049,A
7050,B
7051,B
7052,B
7053,7
7054,0
7055,B
7056,A
7057,C
7058,B
7059,B
7060,A
7061,5
7062,A
7063,0
7064,A
7065,0
7066,A
7067,7
7068,0
7069,C
7070,A
7071,D
7072,A
7073,11
7074,A
7075,C
7076,B
7077,A
7078,C
7079,A
7080,B
7081,B
7082,B
7083,F
7084,D
7085,B
7086,B
7087,D
7088,C
7089,B
7090,A
7091,A
7092,B
7093,A
7094,F
7095,D
7096,B
7097,A
7098,14
7099,D
7100,4
7101,B
7102,C
7103,B
7104,B
7105,C
7106,D
7107,A
7108,B
7109,A
7110,E
7111,24
7112,A
7113,C
7114,B
7115,B
7116,D
7117,D
7118,B
7119,D
7120,0
7121,B
7122,7
7123,C
7124,B
7125,D
7126,C
7127,A
7128,B
7129,A
7130,A
7131,A
7132,A
7133,A
7134,B
7135,B
7136,A
7137,E
7138,B
7139,B
7140,0
7141,3
7142,C
7143,A
7144,B
7145,B
7146,C
7147,C
7148,B
7149,B
7150,B
7151,D
7152,C
7153,B
7154,C
7155,C
7156,B
7157,B
7158,B
7159,10
7160,C
7161,B
7162,A
7163,B
7164,A
7165,D
7166,A
7167,A
7168,B
7169,C
7170,C
7171,A
7172,C
7173,C
7174,B
7175,B
7176,10
7177,B
7178,A
7179,D
7180,A
7181,B
7182,A
7183,A
7184,C
7185,B
7186,D
7187,A
7188,A
7189,C
7190,10
7191,A
7192,7
7193,C
7194,A
7195,B
7196,7
7197,0
7198,3
7199,C
7200,A
7201,C
7202,A
7203,A
7204,B
7205,B
7206,B
7207,37
7208,C
7209,A
7210,B
7211,A
7212,A
7213,B
7214,24
7215,14
7216,B
7217,C
7218,7
7219,D
7220,A
7221,C
7222,B
7223,D
7224,0
7225,B
7226,C
7227,C
7228,B
7229,C
7230,A
7231,A
7232,C
7233,E
7234,B
7235,D
7236,18
7237,10
7238,A
7239,A
7240,B
7241,C
7242,B
7243,C
7244,B
7245,A
7246,B
7247,B
7248,C
7249,A
7250,B
7251,A
7252,C
7253,C
7254,B
7255,B
7256,A
7257,C
7258,B
7259,A
7260,A
7261,A
7262,B
7263,7
7264,B
7265,B
7266,C
7267,9
7268,A
7269,D
7270,0
7271,A
7272,B
7273,E
7274,A
7275,C
7276,B
7277,A
7278,D
7279,2
7280,D
7281,C
7282,C
7283,D
7284,B
7285,B
7286,D
7287,D
7288,4
7289,B
7290,B
7291,0
7292,A
7293,F
7294,A
7295,B
7296,B
7297,A
7298,C
7299,A
7300,A
7301,C
7302,B
7303,A
7304,A
7305,B
7306,5
7307,5
7308,A
7309,A
7310,A
7311,B
7312,B
7313,A
7314,C
7315,5
7316,B
7317,4
7318,16
7319,B
7320,A
7321,B
7322,A
7323,C
7324,C
7325,B
7326,B
7327,A
7328,0
7329,A
7330,B
7331,A
7332,C
7333,A
7334,B
7335,9
7336,A
7337,C
7338,A
7339,B
7340,3
7341,A
7342,A
7343,C
7344,B
7345,B
7346,A
7347,B
7348,A
7349,A
7350,A
7351,B
7352,19
7353,B
7354,A
7355,D
7356,B
7357,A
7358,D
7359,D
7360,A
7361,C
7362,A
7363,C
7364,A
7365,A
7366,B
7367,A
7368,4
7369,B
7370,A
7371,A
7372,B
7373,B
7374,C
7375,B
7376,A
7377,B
7378,B
7379,B
7380,9
7381,A
7382,D
7383,B
7384,C
7385,B
7386,D
7387,A
7388,A
7389,C
7390,C
7391,C
7392,A
7393,D
7394,B
7395,B
7396,A
7397,A
7398,C
7399,B
7400,B
7401,C
7402,A
7403,A
7404,7
7405,D
7406,1
7407,A
7408,A
7409,B
7410,C
7411,B
7412,C
7413,C
7414,B
7415,1
7416,9
7417,C
7418,A
7419,0
7420,B
7421,C
7422,A
7423,A
7424,D
7425,A
7426,B
7427,C
7428,A
7429,A
7430,A
7431,A
7432,D
7433,8
7434,C
7435,A
7436,D
7437,B
7438,B
7439,A
7440,B
7441,B
7442,B
7443,C
7444,D
7445,B
7446,0
7447,D
7448,A
7449,B
7450,B
7451,D
7452,B
7453,A
7454,D
7455,C
7456,B
7457,2
7458,B
7459,B
7460,B
7461,B
7462,B
7463,C
7464,0
7465,C
7466,A
7467,6
7468,A
7469,A
7470,0
7471,A
7472,A
7473,A
7474,C
7475,B
7476,D
7477,A
7478,A
7479,0
7480,A
7481,9
7482,C
7483,9
7484,C
7485,A
7486,A
7487,D
7488,B
7489,A
7490,C
7491,D
7492,B
7493,B
7494,A
7495,B
7496,A
7497,2
7498,B
7499,D
7500,A
7501,B
7502,B
7503,B
7504,B
7505,A
7506,A
7507,12
7508,C
7509,D
7510,A
7511,A
7512,C
7513,D
7514,C
7515,C
7516,B
7517,B
7518,C
7519,A
7520,B
7521,D
7522,B
7523,D
7524,B
7525,0
7526,A
7527,8
7528,D
7529,D
7530,D
7531,A
7532,B
7533,A
7534,D
7535,16
7536,A
7537,C
7538,C
7539,C
7540,B
7541,A
7542,A
7543,D
7544,B
7545,A
7546,D
7547,B
7548,C
7549,C
7550,B
7551,3
7552,B
7553,0
7554,A
7555,C
7556,A
7557,B
7558,A
7559,D
7560,B
7561,C
7562,4
7563,A
7564,A
7565,A
7566,F
7567,C
7568,B
7569,A
7570,C
7571,B
7572,B
7573,B
7574,B
7575,C
7576,A
7577,C
7578,A
7579,B
7580,A
7581,B
7582,0
7583,0
7584,A
7585,A
7586,A
7587,A
7588,B
7589,D
7590,B
7591,A
7592,B
7593,D
7594,B
7595,C
7596,D
7597,A
7598,B
7599,B
7600,B
7601,C
7602,A
7603,B
7604,B
7605,A
7606,D
7607,B
7608,A
7609,A
7610,0
7611,A
7612,D
7613,D
7614,A
7615,0
7616,B
7617,A
7618,A
7619,C
7620,B
7621,A
7622,A
7623,C
7624,A
7625,C
7626,C
7627,A
7628,B
7629,A
7630,B
7631,B
7632,A
7633,A
7634,A
7635,D
7636,12
7637,A
7638,B
7639,A
7640,D
7641,B
7642,0
7643,B
7644,C
7645,C
7646,A
7647,B
7648,2
7649,C
7650,B
7651,B
7652,A
7653,D
7654,A
7655,0
7656,C
7657,B
7658,A
7659,7
7660,C
7661,B
7662,A
7663,C
7664,A
7665,3
7666,24
7667,0
7668,A
7669,A
7670,B
7671,B
7672,A
7673,C
7674,B
7675,D
7676,D
7677,D
7678,A
7679,B
7680,B
7681,D
7682,B
7683,B
7684,D
7685,A
7686,A
7687,B
7688,A
7689,B
7690,A
7691,C
7692,C
7693,B
7694,C
7695,B
7696,D
7697,0
7698,B
7699,7
7700,A
7701,D
7702,C
7703,D
7704,A
7705,B
7706,A
7707,D
7708,C
7709,B
7710,C
7711,3
7712,6
7713,B
7714,B
7715,A
7716,E
7717,B
7718,B
7719,C
7720,B
7721,D
7722,A
7723,A
7724,B
7725,B
7726,D
7727,5
7728,B
7729,A
7730,D
7731,C
7732,3
7733,C
7734,B
7735,C
7736,A
7737,D
7738,B
7739,A
7740,0
7741,C
7742,A
7743,D
7744,B
7745,B
7746,A
7747,B
7748,C
7749,A
7750,B
7751,A
7752,D
7753,B
7754,B
7755,C
7756,C
7757,B
7758,24
7759,C
7760,A
7761,A
7762,0
7763,B
7764,C
7765,A
7766,A
7767,B
7768,C
7769,6
7770,A
7771,C
7772,B
7773,0
7774,A
7775,A
7776,4
7777,5
7778,A
7779,B
7780,A
7781,B
7782,A
7783,D
7784,B
7785,C
7786,B
7787,A
7788,B
7789,B
7790,A
7791,A
7792,A
7793,B
7794,B
7795,C
7796,C
7797,C
7798,C
7799,A
7800,C
7801,A
7802,B
7803,B
7804,D
7805,B
7806,D
7807,B
7808,C
7809,B
7810,A
7811,D
7812,6
7813,B
7814,A
7815,C
7816,D
7817,B
7818,B
7819,D
7820,C
7821,D
7822,D
7823,B
7824,B
7825,0
7826,B
7827,A
7828,A
7829,B
7830,D
7831,D
7832,B
7833,B
7834,6
7835,A
7836,B
7837,B
7838,B
7839,C
7840,3
7841,A
7842,C
7843,D
7844,A
7845,D
7846,A
7847,A
7848,B
7849,A
7850,C
7851,D
7852,B
7853,D
7854,C
7855,D
7856,10
7857,B
7858,C
7859,0
7860,B
7861,A
7862,C
7863,C
7864,A
7865,A
7866,B
7867,B
7868,A
7869,A
7870,B
7871,A
7872,C
7873,14
7874,D
7875,B
7876,A
7877,A
7878,B
7879,B
7880,A
7881,0
7882,D
7883,A
7884,D
7885,B
7886,A
7887,C
7888,B
7889,A
7890,B
7891,B
7892,A
7893,6
7894,B
7895,B
7896,A
7897,A
7898,B
7899,C
7900,A
7901,D
7902,B
7903,A
7904,B
7905,B
7906,A
7907,C
7908,B
7909,5
7910,B
7911,B
7912,A
7913,C
7914,6
7915,B
7916,C
7917,0
7918,B
7919,E
7920,9
7921,8
7922,A
7923,C
7924,C
7925,D
7926,C
7927,B
7928,B
7929,B
7930,C
7931,A
7932,B
7933,C
7934,A
7935,D
7936,C
7937,0
7938,6
7939,B
7940,C
7941,0
7942,A
7943,D
7944,A
7945,A
7946,A
7947,C
7948,C
7949,A
7950,1
7951,D
7952,A
7953,B
7954,C
7955,0
7956,C
7957,10
7958,D
7959,D
7960,B
7961,D
7962,A
7963,B
7964,0
7965,D
7966,D
7967,A
7968,B
7969,D
7970,B
7971,C
7972,A
7973,A
7974,D
7975,A
7976,A
7977,A
7978,C
7979,A
7980,C
7981,A
7982,3
7983,4
7984,A
7985,D
7986,10
7987,A
7988,C
7989,B
7990,C
7991,A
7992,B
7993,B
7994,B
7995,0
7996,B
7997,B
7998,11
7999,D
8000,B
8001,A
8002,D
8003,B
8004,C
8005,A
8006,16
8007,B
8008,3
8009,D
8010,C
8011,B
8012,B
8013,A
8014,C
8015,A
8016,A
8017,C
8018,A
8019,D
8020,D
8021,8
8022,B
8023,B
8024,B
8025,D
8026,0
8027,E
8028,A
8029,A
8030,B
8031,C
8032,B
8033,0
8034,B
8035,0
8036,D
8037,B
8038,A
8039,B
8040,4
8041,D
8042,C
8043,B
8044,A
8045,B
8046,A
8047,7
8048,D
8049,B
8050,D
8051,D
8052,B
8053,D
8054,D
8055,A
8056,A
8057,B
8058,D
8059,B
8060,A
8061,B
8062,B
8063,B
8064,C
8065,A
8066,E
8067,D
8068,C
8069,A
8070,A
8071,C
8072,A
8073,C
8074,B
8075,D
8076,A
8077,A
8078,B
8079,A
8080,A
8081,A
8082,B
8083,C
8084,B
8085,C
8086,D
8087,E
8088,D
8089,B
8090,A
8091,B
8092,C
8093,A
8094,7
8095,0
8096,B
8097,A
8098,B
8099,C
8100,C
8101,A
8102,D
8103,B
8104,A
8105,A
8106,B
8107,C
8108,B
8109,18
8110,B
8111,A
8112,7
8113,A
8114,B
8115,A
8116,D
8117,B
8118,B
8119,A
8120,D
8121,C
8122,B
8123,A
8124,A
8125,B
8126,A
8127,D
8128,B
8129,B
8130,1
8131,0
8132,C
8133,C
8134,B
8135,C
8136,A
8137,A
8138,B
8139,B
8140,B
8141,A
8142,A
8143,C
8144,B
8145,A
8146,A
8147,A
8148,B
8149,D
8150,B
8151,C
8152,A
8153,B
8154,2
8155,B
8156,D
8157,B
8158,A
8159,A
8160,A
8161,0
8162,A
8163,A
8164,0
8165,C
8166,C
8167,B
8168,B
8169,0
8170,0
8171,C
8172,A
8173,B
8174,C
8175,A
8176,0
8177,A
8178,C
8179,A
8180,A
8181,B
8182,B
8183,C
8184,B
8185,C
8186,B
8187,6
8188,B
8189,0
8190,D
8191,B
8192,A
8193,C
8194,B
8195,C
8196,B
8197,B
8198,C
8199,4
8200,B